epoch,train_loss,train_mae,val_loss,val_mae,lr
1,0.462250,234.483398,0.036722,171.502594,3.00e-04
2,0.027767,126.458351,0.020902,127.613541,3.00e-04
3,0.017620,99.902901,0.010306,80.112762,3.00e-04
4,0.010233,77.389931,0.007205,81.120682,3.00e-04
5,0.007292,63.550369,0.004013,54.965420,3.00e-04
6,0.005273,53.978825,0.000976,20.858669,3.00e-04
7,0.003838,49.294582,0.001646,32.161732,2.99e-04
8,0.003319,44.056480,0.001503,32.505016,2.99e-04
9,0.002479,38.820911,0.000416,15.377853,2.99e-04
10,0.002323,36.489639,0.001908,39.537983,2.99e-04
11,0.002258,32.674046,0.003518,57.421638,2.98e-04
12,0.001491,30.426512,0.001037,29.778734,2.98e-04
13,0.002007,26.404499,0.000700,21.520487,2.97e-04
14,0.001678,27.315624,0.000345,11.058719,2.97e-04
15,0.001566,27.473732,0.000263,10.611868,2.96e-04
16,0.001516,21.767969,0.000248,10.778547,2.96e-04
17,0.001308,26.744915,0.000548,14.813943,2.95e-04
18,0.001083,23.954727,0.000581,20.626436,2.95e-04
19,0.001125,23.382769,0.001445,27.357372,2.94e-04
20,0.001095,22.719946,0.000451,11.481011,2.93e-04
21,0.001088,22.146080,0.000344,16.274529,2.93e-04
22,0.000896,22.089497,0.000438,16.166477,2.92e-04
23,0.000881,20.649824,0.000270,10.434190,2.91e-04
24,0.000979,20.318937,0.000230,10.404915,2.90e-04
25,0.000670,18.223557,0.000283,12.460402,2.89e-04
26,0.000689,19.260063,0.000929,23.888443,2.89e-04
27,0.000893,19.673925,0.000209,8.698116,2.88e-04
28,0.000719,18.234917,0.000892,25.327515,2.87e-04
29,0.000926,20.099522,0.000227,11.717887,2.86e-04
30,0.000618,15.275813,0.004980,69.319366,2.85e-04
31,0.000984,17.171253,0.000140,7.436265,2.84e-04
32,0.000376,14.385701,0.000201,10.545493,2.83e-04
33,0.000934,18.283182,0.000564,13.664362,2.81e-04
34,0.000639,15.332563,0.000195,10.915857,2.80e-04
35,0.000842,17.666151,0.000838,20.835865,2.79e-04
36,0.000633,15.973086,0.000578,22.759062,2.78e-04
37,0.000639,17.050228,0.001410,22.975994,2.77e-04
38,0.000614,15.634126,0.000577,18.046331,2.75e-04
39,0.001624,15.417299,0.000142,7.186388,2.74e-04
40,0.000253,12.497727,0.000346,15.695580,2.73e-04
41,0.000370,14.750146,0.000125,6.861236,2.71e-04
42,0.000376,14.738504,0.000491,18.184708,2.70e-04
43,0.000427,15.589615,0.000116,9.033689,2.69e-04
44,0.000678,14.655034,0.001302,33.714180,2.67e-04
45,0.000618,13.571239,0.000427,7.714374,2.66e-04
46,0.000516,13.478426,0.000124,7.880017,2.64e-04
47,0.000362,13.058156,0.000733,19.588289,2.63e-04
48,0.000447,14.980494,0.000271,14.335384,2.61e-04
49,0.000293,12.450130,0.000567,23.663710,2.59e-04
50,0.000519,14.007607,0.000162,6.171572,2.58e-04
51,0.000357,12.608003,0.000589,22.682316,2.56e-04
52,0.000316,11.964144,0.000125,7.381971,2.54e-04
53,0.000326,13.258040,0.000506,10.456857,2.53e-04
54,0.000391,14.042784,0.000310,7.711945,2.51e-04
55,0.000359,11.672113,0.000072,6.080251,2.49e-04
56,0.000331,11.921183,0.000272,14.852072,2.47e-04
57,0.000314,12.305308,0.000143,8.638827,2.46e-04
58,0.000249,11.754229,0.000179,9.900192,2.44e-04
59,0.000347,11.161940,0.000627,24.354731,2.42e-04
60,0.000236,11.767501,0.000173,9.826020,2.40e-04
61,0.000241,11.427627,0.000508,21.423065,2.38e-04
62,0.000317,12.281477,0.000132,8.396110,2.36e-04
63,0.000199,10.493126,0.000220,9.022853,2.34e-04
64,0.000234,10.899083,0.000079,7.609287,2.32e-04
65,0.000214,11.315434,0.000147,6.774102,2.30e-04
66,0.000203,10.501429,0.000137,9.884416,2.28e-04
67,0.000197,10.363695,0.000184,10.996411,2.26e-04
68,0.000220,10.294084,0.000518,15.169139,2.24e-04
69,0.000181,10.069756,0.000164,8.712761,2.22e-04
70,0.000239,10.879397,0.000156,4.169475,2.20e-04
71,0.000232,9.455285,0.000119,9.859466,2.18e-04
72,0.000280,11.287421,0.000129,7.920679,2.16e-04
73,0.000217,8.669412,0.000269,15.262095,2.14e-04
74,0.000260,10.711884,0.000224,14.445169,2.12e-04
75,0.000193,9.087321,0.000038,4.399321,2.10e-04
76,0.000141,9.000417,0.000125,5.371390,2.07e-04
77,0.000169,8.836124,0.000083,5.898183,2.05e-04
78,0.000199,9.442406,0.000166,10.355835,2.03e-04
79,0.000136,9.227763,0.000151,6.917551,2.01e-04
80,0.000131,8.548680,0.000085,6.160514,1.99e-04
81,0.000147,8.352843,0.000353,17.305229,1.96e-04
82,0.000151,8.984962,0.000146,6.467054,1.94e-04
83,0.000144,8.458486,0.000087,4.696557,1.92e-04
84,0.000137,8.413877,0.000322,13.080770,1.90e-04
85,0.000169,8.931910,0.000071,5.146731,1.87e-04
86,0.000138,7.882798,0.000116,3.799289,1.85e-04
87,0.000133,8.395377,0.000111,5.359357,1.83e-04
88,0.000141,8.149859,0.000216,7.684811,1.80e-04
89,0.000182,8.888578,0.000176,5.122634,1.78e-04
90,0.000124,7.328788,0.000152,9.920019,1.76e-04
91,0.000116,7.600193,0.000054,6.003312,1.73e-04
92,0.000127,7.770812,0.000221,6.121983,1.71e-04
93,0.000102,7.088243,0.000155,11.217978,1.69e-04
94,0.000104,7.406378,0.000063,6.068181,1.66e-04
95,0.000108,7.594653,0.000141,9.164300,1.64e-04
96,0.000127,8.047172,0.000162,8.109737,1.62e-04
97,0.000081,6.556679,0.000016,2.955979,1.59e-04
98,0.000118,7.643803,0.000027,3.808328,1.57e-04
99,0.000077,6.569737,0.000080,5.285396,1.55e-04
100,0.000124,7.016205,0.000083,7.130927,1.52e-04
101,0.000110,6.294989,0.000042,3.395412,1.50e-04
102,0.000075,6.527820,0.002075,46.947575,1.48e-04
103,0.000130,6.496263,0.000070,6.485594,1.45e-04
104,0.000068,5.955783,0.000312,15.563170,1.43e-04
105,0.000070,6.376120,0.000071,6.984898,1.41e-04
106,0.000077,6.114169,0.000079,3.624418,1.38e-04
107,0.000094,6.463768,0.000097,2.950469,1.36e-04
108,0.000072,5.567104,0.000041,4.548307,1.34e-04
109,0.000074,5.808091,0.000689,27.390745,1.31e-04
110,0.000063,5.996997,0.000046,5.105003,1.29e-04
111,0.000072,6.093812,0.000049,3.026090,1.27e-04
112,0.000055,5.324805,0.000170,11.965346,1.24e-04
113,0.000082,5.778194,0.000121,6.076493,1.22e-04
114,0.000052,5.255333,0.000140,11.053751,1.20e-04
115,0.000065,5.440180,0.000103,3.926515,1.17e-04
116,0.000062,5.448209,0.000028,3.077811,1.15e-04
117,0.000085,5.171714,0.000033,2.790713,1.13e-04
118,0.000038,4.531318,0.000034,3.116974,1.10e-04
119,0.000037,4.816916,0.000335,15.969151,1.08e-04
120,0.000053,5.121727,0.000044,3.741666,1.06e-04
121,0.000049,4.969977,0.000020,2.249500,1.04e-04
122,0.000046,4.580645,0.000049,5.669724,1.01e-04
123,0.000039,4.394047,0.000056,5.149168,9.92e-05
124,0.000041,4.879650,0.000048,6.396778,9.70e-05
125,0.000041,4.367699,0.000092,8.044499,9.48e-05
126,0.000034,3.953576,0.000045,5.664955,9.26e-05
127,0.000038,4.278878,0.000019,1.961353,9.04e-05
128,0.000028,3.898557,0.000483,21.739473,8.83e-05
129,0.000028,4.033484,0.000399,20.931820,8.61e-05
130,0.000030,3.984957,0.000041,2.191525,8.40e-05
131,0.000028,3.960171,0.000023,3.277112,8.19e-05
132,0.000030,3.937290,0.000028,2.693572,7.98e-05
133,0.000022,3.599360,0.000034,3.514793,7.77e-05
134,0.000027,3.672852,0.000033,2.587120,7.57e-05
135,0.000020,3.368500,0.000020,2.919770,7.36e-05
136,0.000029,3.574598,0.000015,1.790943,7.16e-05
137,0.000025,3.431640,0.000045,2.550746,6.96e-05
138,0.000018,3.136279,0.000016,2.650028,6.76e-05
139,0.000018,3.244200,0.000034,2.463301,6.57e-05
140,0.000026,3.330787,0.000075,6.242846,6.37e-05
141,0.000013,2.813743,0.000022,2.106467,6.18e-05
142,0.000015,2.919557,0.000025,2.296382,5.99e-05
143,0.000022,3.070449,0.000019,1.993657,5.81e-05
144,0.000015,2.868864,0.000021,2.201014,5.62e-05
145,0.000012,2.656831,0.000037,4.084372,5.44e-05
146,0.000013,2.740474,0.000021,1.592803,5.26e-05
147,0.000013,2.707273,0.000020,2.616073,5.08e-05
148,0.000012,2.615431,0.000037,2.409952,4.90e-05
149,0.000011,2.395519,0.000023,2.989705,4.73e-05
150,0.000011,2.486681,0.000080,8.444933,4.56e-05
151,0.000009,2.295759,0.000022,2.916615,4.39e-05
152,0.000013,2.355476,0.000021,1.393468,4.23e-05
153,0.000008,2.203651,0.000015,2.112332,4.07e-05
154,0.000010,2.277689,0.000031,3.266934,3.91e-05
155,0.000007,2.020260,0.000016,1.876219,3.75e-05
156,0.000009,2.135346,0.000008,1.384434,3.59e-05
157,0.000007,2.018480,0.000044,5.513175,3.44e-05
158,0.000006,1.844335,0.000019,1.234056,3.29e-05
159,0.000007,1.844507,0.000013,1.147069,3.15e-05
160,0.000006,1.810920,0.000015,1.321133,3.00e-05
161,0.000006,1.769789,0.000019,2.234797,2.86e-05
162,0.000005,1.727514,0.000014,1.139109,2.73e-05
163,0.000004,1.660202,0.000015,1.369753,2.59e-05
164,0.000004,1.577536,0.000022,1.997511,2.46e-05
165,0.000004,1.563020,0.000012,1.114908,2.34e-05
166,0.000004,1.571910,0.000018,1.256011,2.21e-05
167,0.000003,1.434057,0.000014,1.172072,2.09e-05
168,0.000003,1.384687,0.000018,1.785723,1.97e-05
169,0.000003,1.350975,0.000014,1.459930,1.86e-05
170,0.000003,1.326782,0.000017,1.180685,1.74e-05
171,0.000002,1.262174,0.000015,1.040627,1.63e-05
172,0.000003,1.263167,0.000017,1.158136,1.53e-05
173,0.000002,1.200409,0.000016,1.236043,1.43e-05
174,0.000002,1.143694,0.000017,2.011855,1.33e-05
175,0.000002,1.142584,0.000015,1.765247,1.23e-05
176,0.000002,1.079414,0.000015,1.063203,1.14e-05
177,0.000002,1.037667,0.000016,1.274786,1.05e-05
178,0.000002,1.030169,0.000014,0.948753,9.68e-06
179,0.000002,1.002000,0.000018,1.745004,8.87e-06
180,0.000001,0.941744,0.000015,1.030263,8.09e-06
181,0.000001,0.928948,0.000015,1.232640,7.34e-06
182,0.000001,0.904388,0.000014,0.933894,6.63e-06
183,0.000001,0.884429,0.000014,0.882951,5.96e-06
184,0.000001,0.843908,0.000014,1.056293,5.32e-06
185,0.000001,0.834052,0.000015,1.137484,4.71e-06
186,0.000001,0.810154,0.000015,1.021482,4.14e-06
187,0.000001,0.800974,0.000015,0.840179,3.61e-06
188,0.000001,0.767468,0.000014,0.841278,3.12e-06
189,0.000001,0.767319,0.000014,0.873068,2.66e-06
190,0.000001,0.746849,0.000014,0.932833,2.23e-06
191,0.000001,0.728549,0.000014,0.816063,1.85e-06
192,0.000001,0.711290,0.000014,0.911277,1.50e-06
193,0.000001,0.702500,0.000014,0.816874,1.18e-06
194,0.000001,0.690012,0.000014,0.817261,9.06e-07
195,0.000001,0.680770,0.000014,0.876275,6.66e-07
196,0.000001,0.673054,0.000014,0.805392,4.62e-07
197,0.000001,0.665191,0.000014,0.813068,2.96e-07
198,0.000001,0.658943,0.000014,0.795019,1.67e-07
199,0.000001,0.652583,0.000014,0.793291,7.40e-08
200,0.000001,0.649572,0.000014,0.792649,1.85e-08
